entity,pair_type,pair_idx,ref_same_type_jsd
crossGH_0001,gmm_hist,1,nan
crossGH_0002,gmm_hist,2,nan
crossGH_0003,gmm_hist,3,nan
crossGH_0004,gmm_hist,4,nan
crossGH_0005,gmm_hist,5,nan
crossGH_0006,gmm_hist,6,nan
crossGH_0007,gmm_hist,7,nan
crossGH_0008,gmm_hist,8,nan
crossGH_0009,gmm_hist,9,nan
crossGH_0010,gmm_hist,10,nan
crossGH_0011,gmm_hist,11,nan
crossGH_0012,gmm_hist,12,nan
crossGH_0013,gmm_hist,13,nan
crossGH_0014,gmm_hist,14,nan
crossGH_0015,gmm_hist,15,nan
crossGH_0016,gmm_hist,16,nan
crossGH_0017,gmm_hist,17,nan
crossGH_0018,gmm_hist,18,nan
crossGH_0019,gmm_hist,19,nan
crossGH_0020,gmm_hist,20,nan
crossGH_0021,gmm_hist,21,nan
crossGH_0022,gmm_hist,22,nan
crossGH_0023,gmm_hist,23,nan
crossGH_0024,gmm_hist,24,nan
crossGH_0025,gmm_hist,25,nan
crossGH_0026,gmm_hist,26,nan
crossGH_0027,gmm_hist,27,nan
crossGH_0028,gmm_hist,28,nan
crossGH_0029,gmm_hist,29,nan
crossGH_0030,gmm_hist,30,nan
crossGH_0031,gmm_hist,31,nan
crossGH_0032,gmm_hist,32,nan
crossGH_0033,gmm_hist,33,nan
crossGH_0034,gmm_hist,34,nan
crossGH_0035,gmm_hist,35,nan
crossGH_0036,gmm_hist,36,nan
crossGH_0037,gmm_hist,37,nan
crossGH_0038,gmm_hist,38,nan
crossGH_0039,gmm_hist,39,nan
crossGH_0040,gmm_hist,40,nan
crossGH_0041,gmm_hist,41,nan
crossGH_0042,gmm_hist,42,nan
crossGH_0043,gmm_hist,43,nan
crossGH_0044,gmm_hist,44,nan
crossGH_0045,gmm_hist,45,nan
crossGH_0046,gmm_hist,46,nan
crossGH_0047,gmm_hist,47,nan
crossGH_0048,gmm_hist,48,nan
crossGH_0049,gmm_hist,49,nan
crossGH_0050,gmm_hist,50,nan
crossGH_0051,gmm_hist,51,nan
crossGH_0052,gmm_hist,52,nan
crossGH_0053,gmm_hist,53,nan
crossGH_0054,gmm_hist,54,nan
crossGH_0055,gmm_hist,55,nan
crossGH_0056,gmm_hist,56,nan
crossGH_0057,gmm_hist,57,nan
crossGH_0058,gmm_hist,58,nan
crossGH_0059,gmm_hist,59,nan
crossGH_0060,gmm_hist,60,nan
crossGH_0061,gmm_hist,61,nan
crossGH_0062,gmm_hist,62,nan
crossGH_0063,gmm_hist,63,nan
crossGH_0064,gmm_hist,64,nan
crossGH_0065,gmm_hist,65,nan
crossGH_0066,gmm_hist,66,nan
crossGH_0067,gmm_hist,67,nan
crossGH_0068,gmm_hist,68,nan
crossGH_0069,gmm_hist,69,nan
crossGH_0070,gmm_hist,70,nan
crossGH_0071,gmm_hist,71,nan
crossGH_0072,gmm_hist,72,nan
crossGH_0073,gmm_hist,73,nan
crossGH_0074,gmm_hist,74,nan
crossGH_0075,gmm_hist,75,nan
crossGH_0076,gmm_hist,76,nan
crossGH_0077,gmm_hist,77,nan
crossGH_0078,gmm_hist,78,nan
crossGH_0079,gmm_hist,79,nan
crossGH_0080,gmm_hist,80,nan
crossGH_0081,gmm_hist,81,nan
crossGH_0082,gmm_hist,82,nan
crossGH_0083,gmm_hist,83,nan
crossGH_0084,gmm_hist,84,nan
crossGH_0085,gmm_hist,85,nan
crossGH_0086,gmm_hist,86,nan
crossGH_0087,gmm_hist,87,nan
crossGH_0088,gmm_hist,88,nan
crossGH_0089,gmm_hist,89,nan
crossGH_0090,gmm_hist,90,nan
crossGH_0091,gmm_hist,91,nan
crossGH_0092,gmm_hist,92,nan
crossGH_0093,gmm_hist,93,nan
crossGH_0094,gmm_hist,94,nan
crossGH_0095,gmm_hist,95,nan
crossGH_0096,gmm_hist,96,nan
crossGH_0097,gmm_hist,97,nan
crossGH_0098,gmm_hist,98,nan
crossGH_0099,gmm_hist,99,nan
crossGH_0100,gmm_hist,100,nan
crossDH_0001,dir_hist,1,nan
crossDH_0002,dir_hist,2,nan
crossDH_0003,dir_hist,3,nan
crossDH_0004,dir_hist,4,nan
crossDH_0005,dir_hist,5,nan
crossDH_0006,dir_hist,6,nan
crossDH_0007,dir_hist,7,nan
crossDH_0008,dir_hist,8,nan
crossDH_0009,dir_hist,9,nan
crossDH_0010,dir_hist,10,nan
crossDH_0011,dir_hist,11,nan
crossDH_0012,dir_hist,12,nan
crossDH_0013,dir_hist,13,nan
crossDH_0014,dir_hist,14,nan
crossDH_0015,dir_hist,15,nan
crossDH_0016,dir_hist,16,nan
crossDH_0017,dir_hist,17,nan
crossDH_0018,dir_hist,18,nan
crossDH_0019,dir_hist,19,nan
crossDH_0020,dir_hist,20,nan
crossDH_0021,dir_hist,21,nan
crossDH_0022,dir_hist,22,nan
crossDH_0023,dir_hist,23,nan
crossDH_0024,dir_hist,24,nan
crossDH_0025,dir_hist,25,nan
crossDH_0026,dir_hist,26,nan
crossDH_0027,dir_hist,27,nan
crossDH_0028,dir_hist,28,nan
crossDH_0029,dir_hist,29,nan
crossDH_0030,dir_hist,30,nan
crossDH_0031,dir_hist,31,nan
crossDH_0032,dir_hist,32,nan
crossDH_0033,dir_hist,33,nan
crossDH_0034,dir_hist,34,nan
crossDH_0035,dir_hist,35,nan
crossDH_0036,dir_hist,36,nan
crossDH_0037,dir_hist,37,nan
crossDH_0038,dir_hist,38,nan
crossDH_0039,dir_hist,39,nan
crossDH_0040,dir_hist,40,nan
crossDH_0041,dir_hist,41,nan
crossDH_0042,dir_hist,42,nan
crossDH_0043,dir_hist,43,nan
crossDH_0044,dir_hist,44,nan
crossDH_0045,dir_hist,45,nan
crossDH_0046,dir_hist,46,nan
crossDH_0047,dir_hist,47,nan
crossDH_0048,dir_hist,48,nan
crossDH_0049,dir_hist,49,nan
crossDH_0050,dir_hist,50,nan
crossDH_0051,dir_hist,51,nan
crossDH_0052,dir_hist,52,nan
crossDH_0053,dir_hist,53,nan
crossDH_0054,dir_hist,54,nan
crossDH_0055,dir_hist,55,nan
crossDH_0056,dir_hist,56,nan
crossDH_0057,dir_hist,57,nan
crossDH_0058,dir_hist,58,nan
crossDH_0059,dir_hist,59,nan
crossDH_0060,dir_hist,60,nan
crossDH_0061,dir_hist,61,nan
crossDH_0062,dir_hist,62,nan
crossDH_0063,dir_hist,63,nan
crossDH_0064,dir_hist,64,nan
crossDH_0065,dir_hist,65,nan
crossDH_0066,dir_hist,66,nan
crossDH_0067,dir_hist,67,nan
crossDH_0068,dir_hist,68,nan
crossDH_0069,dir_hist,69,nan
crossDH_0070,dir_hist,70,nan
crossDH_0071,dir_hist,71,nan
crossDH_0072,dir_hist,72,nan
crossDH_0073,dir_hist,73,nan
crossDH_0074,dir_hist,74,nan
crossDH_0075,dir_hist,75,nan
crossDH_0076,dir_hist,76,nan
crossDH_0077,dir_hist,77,nan
crossDH_0078,dir_hist,78,nan
crossDH_0079,dir_hist,79,nan
crossDH_0080,dir_hist,80,nan
crossDH_0081,dir_hist,81,nan
crossDH_0082,dir_hist,82,nan
crossDH_0083,dir_hist,83,nan
crossDH_0084,dir_hist,84,nan
crossDH_0085,dir_hist,85,nan
crossDH_0086,dir_hist,86,nan
crossDH_0087,dir_hist,87,nan
crossDH_0088,dir_hist,88,nan
crossDH_0089,dir_hist,89,nan
crossDH_0090,dir_hist,90,nan
crossDH_0091,dir_hist,91,nan
crossDH_0092,dir_hist,92,nan
crossDH_0093,dir_hist,93,nan
crossDH_0094,dir_hist,94,nan
crossDH_0095,dir_hist,95,nan
crossDH_0096,dir_hist,96,nan
crossDH_0097,dir_hist,97,nan
crossDH_0098,dir_hist,98,nan
crossDH_0099,dir_hist,99,nan
crossDH_0100,dir_hist,100,nan
